<?xml version="1.0" encoding="UTF-8"?>
<project-private xmlns="http://www.netbeans.org/ns/project-private/1">
    <editor-bookmarks xmlns="http://www.netbeans.org/ns/editor-bookmarks/2" lastBookmarkId="0"/>
    <open-files xmlns="http://www.netbeans.org/ns/projectui-open-files/2">
        <group>
            <file>file:/C:/Users/tawon/OneDrive/Documents/NetBeansProjects/DigitalisasiDataWarga/src/TubesPBO/service/PendudukDAO.java</file>
            <file>file:/C:/Users/tawon/OneDrive/Documents/NetBeansProjects/DigitalisasiDataWarga/src/TubesPBO/service/ExportService.java</file>
            <file>file:/C:/Users/tawon/OneDrive/Documents/NetBeansProjects/DigitalisasiDataWarga/src/TubesPBO/service/PendudukService.java</file>
            <file>file:/C:/Users/tawon/OneDrive/Documents/NetBeansProjects/DigitalisasiDataWarga/src/TubesPBO/entity/Penduduk.java</file>
            <file>file:/C:/Users/tawon/OneDrive/Documents/NetBeansProjects/DigitalisasiDataWarga/src/TubesPBO/entity/Kas.java</file>
            <file>file:/C:/Users/tawon/OneDrive/Documents/NetBeansProjects/DigitalisasiDataWarga/src/TubesPBO/MainView/MainView.java</file>
            <file>file:/C:/Users/tawon/OneDrive/Documents/NetBeansProjects/DigitalisasiDataWarga/src/TubesPBO/MainView/App1.java</file>
            <file>file:/C:/Users/tawon/OneDrive/Documents/NetBeansProjects/DigitalisasiDataWarga/src/TubesPBO/entity/GolonganDawis.java</file>
            <file>file:/C:/Users/tawon/OneDrive/Documents/NetBeansProjects/DigitalisasiDataWarga/src/TubesPBO/service/KasDAO.java</file>
            <file>file:/C:/Users/tawon/OneDrive/Documents/NetBeansProjects/DigitalisasiDataWarga/src/TubesPBO/service/DatabaseUtil.java</file>
            <file>file:/C:/Users/tawon/OneDrive/Documents/NetBeansProjects/DigitalisasiDataWarga/src/TubesPBO/service/penduduk_db.sql</file>
            <file>file:/C:/Users/tawon/OneDrive/Documents/NetBeansProjects/DigitalisasiDataWarga/src/TubesPBO/report/penduduk_report.jrxml</file>
        </group>
    </open-files>
</project-private>
